metric,value
mean,0.01580046
median,0.01441441
std,0.00592018
min,0.00869301
max,0.04951247
