metric,value
mean,0.00443036
median,0.00275330
std,0.00362841
min,0.00163941
max,0.01654408
